360,0,0
363,0,0
366,0,0
369,0,0
372,0,0
375,0,0
378,0,0
381,0,0
384,0,0
387,0,0
390,0,0
393,0,0
396,0,0
399,0,0
402,0,0
405,0,0
408,0,0
411,0,0
414,0,0
417,0,0
420,0,0
423,0,0
426,0,0
429,0,0
432,0,0
435,0,0
438,0,0
441,0,0
444,0,0
447,0,0
450,0,0
453,0,0
456,0,0
459,0,0
462,0,0
465,0,0
468,0,0
471,0,0
474,0,0
477,0,0
480,0,0
483,0,0
486,0,0
489,0,0
492,0,0
495,0,0
498,0,0
501,0,0
504,0,0
507,0,0
510,0,0
513,0,0
516,0,0
519,0,0
522,0,0
525,0,0
528,0,0
531,0,0
534,0,0
537,0,0
540,0,0
543,0,0
546,0,0
549,0,0
552,0,0
555,0,0
558,0,0
561,0,0
564,0,0
567,0,0
570,0,0
573,0,0
576,0,0
579,0,0
582,0,0
585,0,0
588,0,0
591,0,0
594,0,0
597,0,0
600,0,0
603,0,0
606,0,0
609,0,0
612,0,0
615,0,0
618,0,0
621,0,0
624,0,0
627,0,0
630,0,0
633,0,0
636,0,0
639,0,0
642,0,0
645,0,0
648,0,0
651,0,0
654,0,0
657,0,0
660,0,0
663,0,0
666,0,0
669,0,0
672,0,0
675,0,0
678,0,0
681,0,0
684,0,0
687,0,0
690,0,0
693,0,0
696,0,0
699,0,0
702,0,0
705,0,0
708,0,0
711,0,0
714,0,0
717,0,0
720,0,0
723,0,0
726,0,0
729,0,0
732,0,0
735,0,0
738,0,0
741,0,0
744,0,0
747,0,0
750,0,0
753,0,0
756,0,0
759,0,0
762,0,0
765,0,0
768,0,0
771,0,0
774,0,0
777,0,0
780,0,0
781.5,0,0
783,0,0
784.5,0,0
786,0,0
787.5,0,0
789,0,0
790.5,0,0
792,0,0
793.5,0,0
795,0,0
796.5,0,0
798,0,0
799.5,0,0
801,0,0
802.5,0,0
804,0,0
805.5,0,0
807,0,0
808.5,0,0
810,0,0
811.5,0,0
813,0,0
814.5,0,0
816,0,0
817.5,0,0
819,0,0
820.5,0,0
822,0,0
823.5,0,0
825,0,0
826.5,0,0
828,0,0
829.5,0,0
831,0,0
832.5,0,0
834,0,0
835.5,0,0
837,0,0
838.5,0,0
840,0,0
841.5,0,0
843,0,0
844.5,0,0
846,0,0
847.5,0,0
849,0,0
850.5,0,0
852,0,0
853.5,0,0
855,0,0
856.5,0,0
858,0,0
859.5,0,0
861,0,0
862.5,0,0
864,0,0
865.5,0,0
867,0,0
868.5,0,0
870,0,0
871.5,0,0
873,0,0
874.5,0,0
876,0,0
877.5,0,0
879,0,0
880.5,0,0
882,0,0
883.5,0,0
885,0,0
886.5,0,0
888,0,0
889.5,0,0
891,0,0
892.5,0,0
894,0,0
895.5,0,0
897,0,0
898.5,0,0
900,0,0
901.5,0,0
903,0,0
904.5,0,0
906,0,0
907.5,0,0
909,0,0
910.5,0,0
912,0,0
913.5,0,0
915,0,0
916.5,0,0
918,0,0
919.5,0,0
921,0,0
922.5,0,0
924,0,0
925.5,0,0
927,0,0
928.5,0,0
930,0,0
931.5,0,0
933,0,0
934.5,0,0
936,0,0
937.5,0,0
939,0,0
940.5,0,0
942,0,0
943.5,0,0
945,0,0
946.5,0,0
948,0,0
949.5,0,0
951,0,0
952.5,0,0
954,0,0
955.5,0,0
957,0,0
958.5,0,0
960,0,0
961.5,0,0
963,0,0
964.5,0,0
966,0,0
967.5,0,0
969,0,0
970.5,0,0
972,0,0
973.5,0,0
975,0,0
976.5,0,0
978,0,0
979.5,0,0
981,0,0
982.5,0,0
984,0,0
985.5,0,0
987,0,0
988.5,0,0
990,0,0
991.5,0,0
993,0,0
994.5,0,0
996,0,0
997.5,0,0
999,0,0
1000.5,0,0
1002,0,0
1003.5,0,0
1005,0,0
1006.5,0,0
1008,0,0
1009.5,0,0
1011,0,0
1012.5,0,0
1014,0,0
1015.5,0,0
1017,0,0
1018.5,0,0
1020,0,0
1021.5,0,0
1023,0,0
1024.5,0,0
1026,0,0
1027.5,0,0
1029,0,0
1030.5,0,0
1032,0,0
1033.5,0,0
1035,0,0
1036.5,0,0
1038,0,0
1039.5,0,0
1041,0,0
1042.5,0,0
1044,0,0
1045.5,0,0
1047,0,0
1048.5,0,0
1050,0,0
1051.5,0,0
1053,0,0
1054.5,0,0
1056,0,0
1057.5,0,0
1059,0,0
1060.5,0,0
1062,0,0
1063.5,0,0
1065,0,0
1066.5,0,0
1068,0,0
1069.5,0,0
1071,0,0
1072.5,0,0
1074,0,0
1075.5,0,0
1077,0,0
1078.5,0,0
1080,0,0
1081.5,0,0
1083,0,0
1084.5,0,0
1086,0,0
1087.5,0,0
1089,0,0
1090.5,0,0
1092,0,0
1093.5,0,0
1095,0,0
1096.5,0,0
1098,0,0
1099.5,0,0
1101,0,0
1102.5,0,0
1104,0,0
1105.5,0,0
1107,0,0
1108.5,0,0
1110,0,0
1111.5,0,0
1113,0,0
1114.5,0,0
1116,0,0
1117.5,0,0
1119,0,0
1120.5,0,0
1122,0,0
1123.5,0,0
1125,0,0
1126.5,0,0
1128,0,0
1129.5,0,0
1131,0,0
1132.5,0,0
1134,0,0
1135.5,0,0
1137,0,0
1138.5,0,0
1140,0,0
1141.5,0,0
1143,0,0
1144.5,0,0
1146,0,0
1147.5,0,0
1149,0,0
1150.5,0,0
1152,0,0
1153.5,0,0
1155,0,0
1156.5,0,0
1158,0,0
1159.5,0,0
1161,0,0
1162.5,0,0
1164,0,0
1165.5,0,0
1167,0,0
1168.5,0,0
1170,0,0
1171.5,0,0
1173,0,0
1174.5,0,0
1176,0,0
1177.5,0,0
1179,0,0
1180.5,0,0
1182,0,0
1183.5,0,0
1185,0,0
1186.5,0,0
1188,0,0
1189.5,0,0
1191,0,0
1192.5,0,0
1194,0,0
1195.5,0,0
1197,0,0
1198.5,0,0
1200,0,0
1201.5,0,0
1203,0,0
1204.5,0,0
1206,0,0
1207.5,0,0
1209,0,0
1210.5,0,0
1212,0,0
1213.5,0,0
1215,0,0
1216.5,0,0
1218,0,0
1219.5,0,0
1221,0,0
1222.5,0,0
1224,0,0
1225.5,0,0
1227,0,0
1228.5,0,0
1230,0,0
1231.5,0,0
1233,0,0
1234.5,0,0
1236,0,0
1237.5,0,0
1239,0,0
